{"cameraMode":{"drawMode":0,"name":"Shaded","section":"Shading Mode"},"sceneLighting":true,"audioPlay":false,"sceneViewState":{"showFog":true,"showMaterialUpdate":false,"showSkybox":true,"showFlares":true,"showImageEffects":true,"showParticleSystems":true},"in2DMode":false,"pivot":{"x":-15.955123901367188,"y":-0.14415286481380464,"z":34.10048294067383},"rotation":{"x":-0.13798180222511292,"y":0.3099116384983063,"z":-0.045511070638895038,"w":-0.9395990967750549},"size":9.952385902404786,"orthographic":false}